{
    "name": "root",
    "gauges": {
        "TrafficCar.Policy.Entropy.mean": {
            "value": -2.8349571228027344,
            "min": -2.8349571228027344,
            "max": 1.418938398361206,
            "count": 100
        },
        "TrafficCar.Policy.ExtrinsicValueEstimate.mean": {
            "value": -1.1201204061508179,
            "min": -1.6391897201538086,
            "max": 1.1176412105560303,
            "count": 100
        },
        "TrafficCar.Policy.GAILValueEstimate.mean": {
            "value": 10.426587104797363,
            "min": 1.8423165082931519,
            "max": 22.343032836914062,
            "count": 100
        },
        "TrafficCar.IsTraining.mean": {
            "value": 1.0,
            "min": 1.0,
            "max": 1.0,
            "count": 100
        },
        "TrafficCar.Losses.ValueLoss.mean": {
            "value": 116.1944580078125,
            "min": 0.8721614480018616,
            "max": 397.7786560058594,
            "count": 97
        },
        "TrafficCar.Losses.PolicyLoss.mean": {
            "value": 0.07116184383630753,
            "min": 0.05650416389107704,
            "max": 0.35490843653678894,
            "count": 97
        },
        "TrafficCar.Policy.LearningRate.mean": {
            "value": 1.1472984624560922e-06,
            "min": 1.1472984624560922e-06,
            "max": 0.0002969088382087648,
            "count": 97
        },
        "TrafficCar.Policy.Epsilon.mean": {
            "value": 0.10038241744041443,
            "min": 0.10038241744041443,
            "max": 0.19896960258483887,
            "count": 97
        },
        "TrafficCar.Policy.Beta.mean": {
            "value": 1.1873756193381269e-05,
            "min": 1.1873756193381269e-05,
            "max": 0.0004949509748257697,
            "count": 97
        },
        "TrafficCar.Losses.GAILLoss.mean": {
            "value": 0.17816747725009918,
            "min": 0.06147066876292229,
            "max": 4.457857131958008,
            "count": 97
        },
        "TrafficCar.Policy.GAILPolicyEstimate.mean": {
            "value": 0.05942453816533089,
            "min": 0.018805984407663345,
            "max": 0.30727213621139526,
            "count": 97
        },
        "TrafficCar.Policy.GAILExpertEstimate.mean": {
            "value": 0.9536802768707275,
            "min": 0.7196916937828064,
            "max": 0.9847790002822876,
            "count": 97
        },
        "TrafficCar.Losses.PretrainingLoss.mean": {
            "value": 0.02232414297759533,
            "min": 0.022250425070524216,
            "max": 0.3093434274196625,
            "count": 97
        },
        "TrafficCar.Environment.EpisodeLength.mean": {
            "value": 4999.0,
            "min": 4999.0,
            "max": 4999.0,
            "count": 91
        },
        "TrafficCar.Environment.CumulativeReward.mean": {
            "value": -144.79159473383334,
            "min": -1332.6499814540148,
            "max": -3.1170018397970125,
            "count": 91
        },
        "TrafficCar.Policy.ExtrinsicReward.mean": {
            "value": -14.479159346024971,
            "min": -133.26500075124204,
            "max": -0.3117001705686562,
            "count": 91
        },
        "TrafficCar.Policy.GAILReward.mean": {
            "value": 185.78180883452296,
            "min": 64.11343159514945,
            "max": 6580.356058999896,
            "count": 91
        }
    },
    "metadata": {
        "timer_format_version": "0.1.0",
        "start_time_seconds": "1620624848",
        "python_version": "3.8.9 (tags/v3.8.9:a743f81, Apr  6 2021, 14:02:34) [MSC v.1928 64 bit (AMD64)]",
        "command_line_arguments": "C:\\Users\\Camilo\\source\\repos\\crlimacastro\\IGME797-Final-Project\\venv\\Scripts\\mlagents-learn config/trafficCar.yaml --env=Builds/02_Build/IGME797-Final --num-envs=10 --run-id=02_Model",
        "mlagents_version": "0.20.0",
        "mlagents_envs_version": "0.20.0",
        "communication_protocol_version": "1.1.0",
        "tensorflow_version": "2.3.2",
        "numpy_version": "1.18.5",
        "end_time_seconds": "1620627003"
    },
    "total": 2154.8227735,
    "count": 1,
    "self": 25.586070400000153,
    "children": {
        "run_training.setup": {
            "total": 0.027243300000000303,
            "count": 1,
            "self": 0.027243300000000303
        },
        "TrainerController.start_learning": {
            "total": 2129.2094598,
            "count": 1,
            "self": 9.562940100012383,
            "children": {
                "TrainerController._reset_env": {
                    "total": 71.4223301,
                    "count": 1,
                    "self": 9.373423599999995,
                    "children": {
                        "demo_to_buffer": {
                            "total": 62.0489065,
                            "count": 2,
                            "self": 0.3381297000000032,
                            "children": {
                                "load_demonstration": {
                                    "total": 35.223315799999995,
                                    "count": 2,
                                    "self": 35.20406039999999,
                                    "children": {
                                        "read_file": {
                                            "total": 0.019255400000002254,
                                            "count": 2,
                                            "self": 0.019255400000002254
                                        }
                                    }
                                },
                                "make_demo_buffer": {
                                    "total": 26.487461000000003,
                                    "count": 2,
                                    "self": 3.7353450000004607,
                                    "children": {
                                        "steps_from_proto": {
                                            "total": 22.752115999999543,
                                            "count": 100864,
                                            "self": 5.826978299995606,
                                            "children": {
                                                "_process_vector_observation": {
                                                    "total": 16.925137700003937,
                                                    "count": 605184,
                                                    "self": 16.925137700003937
                                                }
                                            }
                                        }
                                    }
                                }
                            }
                        }
                    }
                },
                "TrainerController.advance": {
                    "total": 2043.8775840999874,
                    "count": 190996,
                    "self": 3.046910399999433,
                    "children": {
                        "env_step": {
                            "total": 2040.830673699988,
                            "count": 190996,
                            "self": 911.2436804001484,
                            "children": {
                                "SubprocessEnvManager._take_step": {
                                    "total": 1120.8653929998484,
                                    "count": 1000670,
                                    "self": 35.562941599759824,
                                    "children": {
                                        "TFPolicy.evaluate": {
                                            "total": 1085.3024514000886,
                                            "count": 1000670,