{
    "name": "root",
    "metadata": {
        "timer_format_version": "0.1.0",
        "start_time_seconds": "1620462965",
        "python_version": "3.8.9 (tags/v3.8.9:a743f81, Apr  6 2021, 14:02:34) [MSC v.1928 64 bit (AMD64)]",
        "command_line_arguments": "C:\\Users\\Camilo\\source\\repos\\crlimacastro\\IGME797-Final-Project\\venv\\Scripts\\mlagents-learn config/trafficCar.yaml --run-id=FirstTrain",
        "mlagents_version": "0.26.0",
        "mlagents_envs_version": "0.26.0",
        "communication_protocol_version": "1.5.0",
        "pytorch_version": "1.7.0+cu110",
        "numpy_version": "1.20.2",
        "end_time_seconds": "1620463069"
    },
    "total": 103.08089030000001,
    "count": 1,
    "self": 0.005472700000012765,
    "children": {
        "run_training.setup": {
            "total": 0.15808960000000005,
            "count": 1,
            "self": 0.15808960000000005
        },
        "TrainerController.start_learning": {
            "total": 102.917328,
            "count": 1,
            "self": 0.14000229999967928,
            "children": {
                "TrainerController._reset_env": {
                    "total": 12.9112452,
                    "count": 1,
                    "self": 12.9112452
                },
                "TrainerController.advance": {
                    "total": 89.74604260000032,
                    "count": 9617,
                    "self": 0.12902690000100847,
                    "children": {
                        "env_step": {
                            "total": 71.51282399999975,
                            "count": 9617,
                            "self": 56.56299460000018,
                            "children": {
                                "SubprocessEnvManager._take_step": {
                                    "total": 14.861804599999742,
                                    "count": 9617,
                                    "self": 0.40986810000008767,
                                    "children": {
                                        "TorchPolicy.evaluate": {
                                            "total": 14.451936499999654,
                                            "count": 9617,
                                            "self": 7.344531800000119,
                                            "children": {
                                                "TorchPolicy.sample_actions": {
                                                    "total": 7.107404699999535,
                                                    "count": 9617,
                                                    "self": 7.107404699999535
                                                }
                                            }
                                        }
                                    }
                                },
                                "workers": {
                                    "total": 0.08802479999982715,
                                    "count": 9616,
                                    "self": 0.0,
                                    "children": {
                                        "worker_root": {
                                            "total": 90.98516870000002,
                                            "count": 9616,
                                            "is_parallel": true,
                                            "self": 41.35991099999937,
                                            "children": {
                                                "steps_from_proto": {
                                                    "total": 0.00041069999999976403,
                                                    "count": 1,
                                                    "is_parallel": true,
                                                    "self": 0.0001275000000013904,
                                                    "children": {
                                                        "_process_rank_one_or_two_observation": {
                                                            "total": 0.00028319999999837364,
                                                            "count": 6,
                                                            "is_parallel": true,
                                                            "self": 0.00028319999999837364
                                                        }
                                                    }
                                                },
                                                "UnityEnvironment.step": {
                                                    "total": 49.62484700000064,
                                                    "count": 9616,
                                                    "is_parallel": true,
                                                    "self": 0.469687900000352,
                                                    "children": {
                                                        "UnityEnvironment._generate_step_input": {
                                                            "total": 1.0344598999993835,
                                                            "count": 9616,
                                                            "is_parallel": true,
                                                            "self": 1.0344598999993835
                                                        },
                                                        "communicator.exchange": {
                                                            "total": 45.66714540000015,
                                                            "count": 9616,
                                                            "is_parallel": true,
                                                            "self": 45.66714540000015
                                                        },
                                                        "steps_from_proto": {
                                                            "total": 2.4535538000007584,
                                                            "count": 9616,
                                                            "is_parallel": true,
                                                            "self": 0.9602202000013929,
                                                            "children": {
                                                                "_process_rank_one_or_two_observation": {
                                                                    "total": 1.4933335999993655,
                                                                    "count": 57696,
                                                                    "is_parallel": true,
                                                                    "self": 1.4933335999993655
                                                                }
                                                            }
                                                        }
                                                    }
                                                }
                                            }
                                        }
                                    }
                                }
                            }
                        },
                        "trainer_advance": {
                            "total": 18.104191699999554,
                            "count": 9616,
                            "self": 0.17248850000017057,
                            "children": {
                                "process_trajectory": {
                                    "total": 0.6351452999993654,
                                    "count": 9616,
                                    "self": 0.6351452999993654
                                },